id,firstName,lastName,email,password,age,address_id,vote_id,is_admin
1,Alice,Johnson,alice.johnson123@yoohoo.com,passw0rd123!,29,5,2,0
2,Bob,Smith,bsmith98@hmail.com,securePass45,35,47,3,0
3,Carol,Williams,carol_williams7@deliverybird.com,myPass@678,42,32,2,0
4,David,Brown,d.brown22@inlook.com,strongPwd99$,38,58,2,0
5,Eva,Jones,evajones89@mcchicken.com,jonesPass91%,50,14,3,0
6,Frank,Garcia,frank.garcia45@yoohoo.com,fg_pass_123!,27,20,2,0
7,Grace,Miller,grace.miller92@hmail.com,Gm_Pass90%,41,48,3,0
8,Henry,Wilson,henrywilson@deliverybird.com,h_Wilson17$,33,23,2,0
9,Ivy,Moore,ivy.m@inlook.com,ivy2020$,22,61,2,0
10,Jack,Taylor,jack.taylor84@mcchicken.com,jack_123!,31,10,3,0
11,Kara,Anderson,kara.anderson5@yoohoo.com,ka_Pass34$,46,34,2,0
12,Liam,Thomas,liam.thomas3@hmail.com,lt_Pass@123,28,11,3,0
13,Mona,Jackson,mona.jackson20@deliverybird.com,mj_Pass2020!,30,51,2,0
14,Nina,White,nina.white77@inlook.com,nw_Pass1999$,26,43,3,0
15,Oscar,Harris,oscar.harris10@mcchicken.com,oharris_987$,44,7,6,0
16,Pam,Martin,pam.martin88@yoohoo.com,pM_pass123!,39,29,2,0
17,Quinn,Thompson,quinn_t@hmail.com,qt_secure!56,24,44,6,0
18,Rita,Garcia,rita_garcia92@deliverybird.com,rg_Pass78$,32,50,2,0
19,Sam,Martinez,sam.martinez7@inlook.com,sM_pass_45%,45,2,2,0
20,Tina,Roberts,tina.roberts8@mcchicken.com,tinaR!@#89,29,59,6,0
21,Ulysses,Walker,ulysses.walker30@yoohoo.com,uw_456$,40,39,2,0
22,Vera,Young,vera.young45@hmail.com,veraY!@123,53,6,2,0
23,Will,Allen,will.allen29@deliverybird.com,wa_secure89$,25,53,3,0
24,Xena,Scott,xena_scott16@inlook.com,xs_987Pass%,34,12,2,0
25,Yara,King,yara.king77@mcchicken.com,yk@Pass1$,48,30,3,0
26,Zane,Nelson,zane.nelson21@yoohoo.com,zn_securePass!,37,3,2,0
27,Ada,Carter,ada.carter34@hmail.com,ada_234Pass!,52,42,2,0
28,Ben,Mitchell,ben.mitchell92@deliverybird.com,ben_123pass!,31,8,3,0
29,Clara,Perez,clara.perez27@inlook.com,cp_987Pass%,28,65,2,0
30,Derek,Robinson,derek_robinson8@mcchicken.com,dr_@Pass123!,43,1,3,0
31,Ella,Clark,ella.clark54@yoohoo.com,ec_Pass098$,25,62,2,0
32,Fred,Rodriguez,fred_rodriguez29@hmail.com,fr_Rodriguez98$,54,28,2,0
33,Gina,Lewis,gina.lewis77@deliverybird.com,gl_secure!99$,30,4,3,0
34,Hank,Lee,hank.lee36@inlook.com,hl_Pass987%,41,27,2,0
35,Iris,Walker,iris.walker19@mcchicken.com,iwalker_987$,27,48,3,0
36,Jake,Hall,jake.hall91@yoohoo.com,jh_pass321$,32,40,2,0
37,Lily,Young,lily.young3@hmail.com,ly_Pass_998$,45,55,2,0
38,Mick,Allen,mick.allen2@deliverybird.com,ma_@Pass123!,37,35,3,0
39,Nora,King,nora.king46@inlook.com,nk_kingPass!,50,22,2,0
40,Owen,Wright,owen.wright84@mcchicken.com,ow_555pass$,29,13,3,0
41,Paula,Green,paula.green31@yoohoo.com,pg_Pass_009$,33,56,2,0
42,Quincy,Adams,quincy.adams58@hmail.com,qa_pass!999$,52,5,2,0
43,Ralph,Nelson,ralph.nelson9@deliverybird.com,rn_secure@456$,34,57,3,0
44,Sally,Baker,sally.baker43@inlook.com,sb_123Pass!,38,18,2,0
45,Tom,Gonzalez,tom.gonzalez16@mcchicken.com,tg_Pass123$,26,41,3,0
46,Uma,Mitchell,uma.mitchell72@yoohoo.com,um_pass%999$,41,26,2,0
47,Vince,Cook,vince.cook87@hmail.com,vc_pass_@@234,46,21,3,0
48,Wendy,Peterson,wendy.peterson94@deliverybird.com,wp_securePass88$,39,60,6,0
49,Xander,Cooper,xander.cooper20@inlook.com,xc_Pass890$,43,52,2,0
50,Yasmine,Sullivan,yasmine.sullivan36@mcchicken.com,ys@Pass777$,30,3,2,0
51,Zara,Bailey,zara.bailey83@yoohoo.com,zb_@Pass678!,35,62,2,0
52,Amy,Bennett,amy.bennett44@hmail.com,ab_securePass998$,28,33,2,0
53,Brian,Murphy,brian.murphy67@deliverybird.com,bm_098Pass%,33,24,7,0
54,Cara,Rogers,cara.rogers21@inlook.com,cr_secure@444$,37,15,2,0
55,Diana,Bryant,diana.bryant90@mcchicken.com,db_pass789$,45,37,3,0
56,Ethan,Howard,ethan.howard75@yoohoo.com,eh_Pass345%,29,6,2,0
57,Fiona,Russell,fiona.russell11@hmail.com,fr_pass678@$,48,47,6,0
58,George,Bell,george.bell19@deliverybird.com,gb_567Pass!,32,31,7,0
59,Holly,Wilson,holly.wilson31@yoohoo.com,hw_Pass_321$,34,80,3,0
60,Ian,Brooks,ian.brooks76@hmail.com,ib_securePass99$,27,81,2,0
61,Julia,Bennett,julia.bennett32@deliverybird.com,jb_Pass678@$,29,82,3,0
62,Kevin,Davis,kevin.davis15@inlook.com,kd_Pass009$,30,83,2,0
63,Luna,Sanders,luna.sanders13@mcchicken.com,ls@Pass567$,41,84,2,0
64,Max,Moore,max.moore25@yoohoo.com,mm_secure@pass123$,25,85,3,0
65,Nia,Hill,nia.hill99@hmail.com,nh_pass321!,31,86,2,0
66,Omar,Wright,omar.wright58@deliverybird.com,ow_secure567$,33,87,2,0
67,Paige,Scott,paige.scott44@inlook.com,ps_pass098$,26,88,2,0
68,Quincy,Diaz,quincy.diaz12@mcchicken.com,qd_securePass77$,35,89,6,0
69,Rachel,Perry,rachel.perry78@yoohoo.com,rp_Pass789$,40,90,2,0
70,Steven,Bailey,steven.bailey10@hmail.com,sb_Pass098@,39,91,3,0
71,Tori,Nelson,tori.nelson27@deliverybird.com,tn_securePass!123$,38,92,2,0
72,Uma,Thomas,uma.thomas21@inlook.com,ut_pass543$,42,93,2,0
73,Victor,Rogers,victor.rogers14@mcchicken.com,vr_securePass!,50,94,3,0
74,Wendy,Jackson,wendy.jackson35@yoohoo.com,wj_Pass1234$,27,95,2,0
75,Xavier,Morris,xavier.morris65@hmail.com,xm_Pass098$,43,96,3,0
76,Yvette,Gray,yvette.gray40@deliverybird.com,yg_secure!567$,35,97,2,0
77,Zack,Reed,zack.reed88@inlook.com,zr_pass234$,32,98,2,0
78,Adam,Lopez,adam.lopez22@mcchicken.com,al_Pass654$,34,99,6,0
79,Becky,Cruz,becky.cruz43@yoohoo.com,bc_secure987$,28,100,3,0
80,Cory,Jenkins,cory.jenkins59@hmail.com,cj_pass123$,30,101,2,0
81,Dylan,Hayes,dylan.hayes94@deliverybird.com,dh_secure456$,27,102,3,0
82,Ellie,Knight,ellie.knight41@inlook.com,ek_pass789$,40,103,2,0
83,Felix,James,felix.james38@mcchicken.com,fj_Pass_876$,35,104,3,0
84,Gwen,Foster,gwen.foster75@yoohoo.com,gf_secure@pass789$,31,105,2,0
85,Hank,Cooper,hank.cooper52@hmail.com,hc_pass!234$,39,106,3,0
86,Iris,Flores,iris.flores63@deliverybird.com,if_securePass!,36,107,2,0
87,Jake,Butler,jake.butler10@inlook.com,jb_pass456$,41,108,2,0
88,Kelly,Gibson,kelly.gibson84@mcchicken.com,kg_Pass567$,50,109,2,0
89,Leo,Sanders,leo.sanders17@yoohoo.com,ls_pass789$,27,110,6,0
90,Megan,Woods,megan.woods55@hmail.com,mw_secure567$,42,111,3,0
91,Nina,Howard,nina.howard72@deliverybird.com,nh_Pass098$,33,112,2,0
92,Ollie,Rivera,ollie.rivera66@inlook.com,or_pass123$,34,113,2,0
93,Piper,Hughes,piper.hughes34@mcchicken.com,ph_securePass$,38,114,2,0
94,Quinn,Ford,quinn.ford78@yoohoo.com,qf_pass789$,29,115,3,0
95,Reed,Fisher,reed.fisher29@hmail.com,rf_Pass123$,46,116,2,0
96,Sara,Cook,sara.cook57@deliverybird.com,sc_secure567$,44,117,2,0
97,Toby,Ward,toby.ward15@inlook.com,tw_pass654$,47,118,3,0
98,Uma,Hansen,uma.hansen69@mcchicken.com,uh_Pass876$,33,119,2,0
99,Vera,Bishop,vera.bishop91@yoohoo.com,vb_secure!987$,32,120,3,0
100,Wyatt,Diaz,wyatt.diaz54@hmail.com,wd_pass456$,39,121,2,0
101,Xena,Hart,xena.hart48@deliverybird.com,xh_Pass098$,31,122,2,0
102,Yuri,Spencer,yuri.spencer23@inlook.com,ys_securePass123$,28,123,3,0
103,Zoe,Ellis,zoe.ellis36@mcchicken.com,ze_pass543$,35,124,2,0
104,Alex,Cruz,alex.cruz19@yoohoo.com,ac_securePass$,27,125,2,0
105,Blake,Collins,blake.collins88@hmail.com,bc_Pass987$,31,126,3,0
106,Chloe,Peterson,chloe.peterson49@deliverybird.com,cp_secure098$,42,127,2,0
107,Dean,Edwards,dean.edwards16@inlook.com,de_pass321$,39,128,2,0
108,Holly,Stewart,holly.stewart45@hmail.com,hs_Pass123$,30,151,3,0
109,Ivan,Reed,ivan.reed29@deliverybird.com,ir_234Pass$,28,152,2,0
110,Julie,Howard,julie.howard75@mcchicken.com,jh_securePass88$,42,153,6,0
111,Kevin,Green,kevin.green77@inlook.com,kg_567Pass!,31,154,3,0
112,Laura,Scott,laura.scott94@deliverybird.com,ls_098Pass%,45,155,3,0
113,Mark,Adams,mark.adams10@mcchicken.com,ma_secure@234$,34,156,2,0
114,Nancy,Bailey,nancy.bailey12@yoohoo.com,nb_123Pass!,36,157,2,0
115,Oscar,Young,oscar.young27@hmail.com,oy_Pass!789$,27,158,3,0
116,Paul,Mitchell,paul.mitchell21@deliverybird.com,pm_Pass234$,43,159,4,1
117,Rachel,Peterson,rachel.peterson88@mcchicken.com,rp_securePass88$,38,160,6,0
118,Sara,Robinson,sara.robinson23@inlook.com,sr_789Pass!,33,161,3,0
119,Tyler,Rodriguez,tyler.rodriguez29@deliverybird.com,tr_567Pass$,40,162,2,0
120,Uma,Wright,uma.wright77@mcchicken.com,uw_securePass$,27,163,2,0
121,Vince,Evans,vince.evans34@deliverybird.com,ve_098Pass$,41,164,6,0
122,Wes,Clark,wes.clark23@hmail.com,wc_234Pass!,46,165,3,0
123,Xena,Harris,xena.harris12@mcchicken.com,xh_securePass88$,39,166,3,0
124,Yara,Morgan,yara.morgan45@inlook.com,ym_567Pass!,31,167,3,0
125,Zach,Bell,zach.bell17@deliverybird.com,zb_secure!999$,28,168,6,0
126,Abby,Cooper,abby.cooper89@hmail.com,ac_789Pass$,33,169,2,0
127,Ben,Rogers,ben.rogers23@mcchicken.com,br_567Pass123$,30,170,3,0
128,Cara,Brooks,cara.brooks77@deliverybird.com,cb_234Pass!,42,171,3,0
129,Dylan,Kelly,dylan.kelly12@inlook.com,dk_567Pass$,38,172,3,0
130,Eva,Reed,eva.reed67@mcchicken.com,er_securePass$,26,173,2,0
131,Frank,Turner,frank.turner98@yoohoo.com,ft_123Pass!,36,174,6,0
132,Gina,Lewis,gina.lewis33@hmail.com,gl_567Pass123$,40,175,3,0
133,Hank,Perry,hank.perry44@mcchicken.com,hp_securePass!,32,176,2,0
134,Isabel,Russell,isabel.russell23@deliverybird.com,ir_098Pass$,48,177,6,0
135,Jake,Gonzalez,jake.gonzalez67@hmail.com,jg_234Pass!,29,178,3,0
136,Kim,Martinez,kim.martinez88@deliverybird.com,km_secure!999$,34,179,3,0
137,Liam,Howard,liam.howard12@mcchicken.com,lh_567Pass!,31,180,2,0
138,Mona,Bell,mona.bell45@yoohoo.com,mb_789Pass$,45,181,3,0
139,Nathan,Flores,nathan.flores77@hmail.com,nf_securePass$,36,182,6,0
140,Olivia,Ross,olivia.ross98@deliverybird.com,or_567Pass$,38,183,2,0
141,Paul,Stewart,paul.stewart12@inlook.com,ps_securePass!,27,184,3,0
142,Quinn,Cook,quinn.cook23@mcchicken.com,qc_234Pass123$,29,185,6,0
143,Riley,Moore,riley.moore67@hmail.com,rm_567Pass!,42,186,2,0
144,Sam,Diaz,sam.diaz45@deliverybird.com,sd_789Pass$,34,187,3,0
145,Tara,Patterson,tara.patterson77@yoohoo.com,tp_securePass$,39,188,3,0
146,Uma,Griffin,uma.griffin12@mcchicken.com,ug_567Pass!,33,189,2,0
147,Vera,Evans,vera.evans23@deliverybird.com,ve_234Pass$,28,190,3,0
148,Will,Robinson,will.robinson88@inlook.com,wr_789Pass$,47,191,6,0
149,Xander,Cooper,xander.cooper12@hmail.com,xc_567Pass!,36,192,2,0
150,Yasmine,Brown,yasmine.brown45@mcchicken.com,yb_securePass$,30,193,5,1
151,Zane,Thompson,zane.thompson67@deliverybird.com,zt_234Pass$,32,194,3,0
152,Alice,Parker,alice.parker12@inlook.com,ap_567Pass!,31,195,2,0
153,Ben,Hughes,ben.hughes45@yoohoo.com,bh_securePass$,40,196,6,0
154,Cara,Reed,cara.reed77@mcchicken.com,cr_789Pass$,28,197,3,0
155,David,Clark,david.clark23@hmail.com,dc_234Pass$,35,198,2,0
156,Amy,Baker,amy.baker21@yoohoo.com,ab_pass987$,29,151,5,0
157,Brian,Carter,brian.carter88@hmail.com,bc_pass123$,33,162,3,0
158,Cara,Davis,cara.davis67@deliverybird.com,cd_securePass!,41,179,2,0
159,David,Edwards,david.edwards23@inlook.com,de_pass!999$,37,247,6,1
160,Ella,Fisher,ella.fisher34@mcchicken.com,ef_securePass$,30,153,5,0
161,Frank,Gomez,frank.gomez98@yoohoo.com,fg_pass234$,45,176,2,0
162,Grace,Harris,grace.harris77@hmail.com,gh_pass567$,31,168,3,0
163,Henry,Johnson,henry.johnson12@deliverybird.com,hj_securePass!,34,190,5,0
164,Ivy,Kelly,ivy.kelly88@inlook.com,ik_pass123$,28,161,2,0
165,Jack,Lopez,jack.lopez67@mcchicken.com,jl_secure!999$,39,181,6,0
166,Karen,Miller,karen.miller45@hmail.com,km_pass987$,42,151,3,0
167,Liam,Nelson,liam.nelson23@deliverybird.com,ln_securePass$,33,175,2,0
168,Mona,Owen,mona.owen77@yoohoo.com,mo_pass123$,27,192,5,0
169,Nina,Parker,nina.parker12@hmail.com,np_securePass$,38,188,6,0
170,Oscar,Quinn,oscar.quinn34@inlook.com,oq_pass567$,35,169,3,0
171,Pam,Reed,pam.reed21@mcchicken.com,pr_pass987$,30,186,2,0
172,Quinn,Sanders,quinn.sanders88@deliverybird.com,qs_secure!999$,41,194,5,0
173,Rita,Thomas,rita.thomas77@inlook.com,rt_pass234$,33,170,3,0
174,Sam,Upton,sam.upton45@mcchicken.com,su_pass567$,46,160,2,0
175,Tina,Vega,tina.vega98@yoohoo.com,tv_securePass$,28,193,6,0
176,Uma,Walker,uma.walker23@hmail.com,uw_pass987$,36,185,3,0
177,Victor,Xavier,victor.xavier67@deliverybird.com,vx_securePass!,31,166,2,0
178,Will,Young,will.young77@yoohoo.com,wy_pass123$,29,184,3,0
179,Xander,Zimmer,xander.zimmer12@hmail.com,xz_secure!999$,38,172,3,0
180,Yara,Anderson,yara.anderson34@deliverybird.com,ya_pass987$,42,155,6,0
181,Zach,Bennett,zach.bennett23@mcchicken.com,zb_securePass$,33,159,2,0
182,Alice,Collins,alice.collins45@inlook.com,ac_pass567$,37,180,4,0
183,Ben,Diaz,ben.diaz12@yoohoo.com,bd_pass234$,34,174,3,0
184,Cara,Evans,cara.evans77@deliverybird.com,ce_securePass!,30,189,2,0
185,David,Ford,david.ford88@hmail.com,df_pass123$,31,171,4,0
186,Ella,Garcia,ella.garcia67@mcchicken.com,eg_securePass$,27,154,6,0
187,Frank,Hunt,frank.hunt21@inlook.com,fh_pass567$,39,191,2,1
188,Grace,Ingram,grace.ingram98@deliverybird.com,gi_securePass$,40,179,4,0
189,Henry,Jones,henry.jones77@mcchicken.com,hj_pass234$,32,168,3,0
190,Ivy,King,ivy.king45@yoohoo.com,ik_secure!999$,36,185,6,0
191,Jack,Lewis,jack.lewis34@hmail.com,jl_pass987$,28,162,2,0
192,Karen,Martin,karen.martin23@deliverybird.com,km_securePass$,43,193,4,0
193,Liam,Nash,liam.nash12@inlook.com,ln_pass567$,31,153,3,0
194,Mona,Owens,mona.owens88@mcchicken.com,mo_securePass$,30,186,2,0
195,Nina,Perry,nina.perry77@yoohoo.com,np_pass234$,37,172,4,0
196,Oscar,Quincy,oscar.quincy12@hmail.com,oq_securePass!,35,175,3,0
197,Pam,Roberts,pam.roberts98@deliverybird.com,pr_pass567$,42,164,6,0
198,Quinn,Smith,quinn.smith67@mcchicken.com,qs_pass987$,29,158,2,0
199,Rita,Turner,rita.turner21@inlook.com,rt_securePass$,33,187,4,0
200,Sam,Upton,sam.upton88@yoohoo.com,su_pass234$,28,173,2,0
201,Tina,Vega,tina.vega77@deliverybird.com,tv_securePass$,36,165,3,0
202,Uma,Walker,uma.walker67@mcchicken.com,uw_pass567$,40,160,6,1
203,Victor,Xavier,victor.xavier45@inlook.com,vx_securePass!,35,194,4,0
204,Will,Young,will.young23@deliverybird.com,wy_pass987$,34,151,2,0
